reach_file,link
ikh_REACH-statement.pdf,https://cloud.ilabt.imec.be/index.php/s/YQKF4jTmBSzpN6e
sdt_REACH-statement.pdf,https://cloud.ilabt.imec.be/index.php/s/YHX6gsyZ9pNyKpk
xec_REACH-statement.pdf,https://cloud.ilabt.imec.be/index.php/s/7JsisjTjsXRiqNx
iva_REACH-statement.pdf,https://cloud.ilabt.imec.be/index.php/s/TfTE976o5mGzkri
gcu_REACH-statement.pdf,https://cloud.ilabt.imec.be/index.php/s/Jwf7FfTkofJJqyG
wqa_REACH-statement.pdf,https://cloud.ilabt.imec.be/index.php/s/jaSoqqdMXY4SD9w
aag_REACH-statement.pdf,https://cloud.ilabt.imec.be/index.php/s/8CL2sfQ5F3aqWRR
avs_REACH-statement.pdf,https://cloud.ilabt.imec.be/index.php/s/7KNzrCynCEfBwEg
agj_REACH-statement.pdf,https://cloud.ilabt.imec.be/index.php/s/cjqLfkTGrHpDH8k
aet_REACH-statement.pdf,https://cloud.ilabt.imec.be/index.php/s/2KxjxKe76dkzcyJ
zgi_REACH-statement.pdf,https://cloud.ilabt.imec.be/index.php/s/EYbXDxpnTGnEWy5
sge_REACH-statement.pdf,https://cloud.ilabt.imec.be/index.php/s/t8ZiE4c97GHwEBq
